Date,Price (USD),Market Cap,Volume
2024-06-30,0.5315754397376133,116410358.49863629,4026532.510811026
2024-06-30,0.5358787587213631,117389419.42977515,4109397.9679527916
2024-07-01,0.5342634981561727,116805205.78350715,4286936.633276237
2024-07-01,0.5344960365166553,117178919.74832354,4299532.853148485
2024-07-01,0.5445117882680565,119477625.05092464,4376602.290811271
2024-07-01,0.5357095472097255,117486489.74218068,4675219.22810631
2024-07-01,0.5305858903072126,116339654.74593826,4250263.236067074
2024-07-01,0.5318629877128844,116636891.37161893,4425873.426085408
2024-07-01,0.531964223048042,116247192.80871482,4650535.051467508
2024-07-01,0.5315728770975707,116340014.68796295,4072768.3844896457
2024-07-01,0.5334473510019224,116846703.36916071,4379469.317151623
2024-07-01,0.5373233728295053,117709566.23633264,2388838.570402387
2024-07-01,0.5324824236511175,116198317.69794673,4429126.250333105
2024-07-01,0.5298865720506089,116080412.1028353,4410368.865825766
2024-07-01,0.5235399330924813,115159923.35245809,4345240.899073809
2024-07-01,0.5231519299298412,114565627.00490287,4511380.238482377
2024-07-01,0.5158760805338047,112933785.57900953,4514246.673741841
2024-07-01,0.5117297414142391,112284229.94781919,4656816.632780322
2024-07-01,0.5162368550223108,113057917.0226105,5116538.7535430705
2024-07-01,0.515858952666243,113122671.67858015,5123273.260478238
2024-07-01,0.5190492713765774,113609802.13012958,4490228.612189741
2024-07-01,0.5191833195041214,113670160.48632441,5247002.617591028
2024-07-01,0.5198159886651541,113908509.75807434,5167452.899680766
2024-07-01,0.5200903825515645,113904795.18711382,4955364.119031099
2024-07-01,0.5190014530148291,113761104.2211196,4718940.954511974
2024-07-01,0.5144707820561949,113117678.06841552,4484957.499220978
2024-07-02,0.512138354305791,112086360.70750803,4383105.120311357
2024-07-02,0.5125742635913813,113150017.62711795,4445560.734977442
2024-07-02,0.5162334992453217,113351822.91610852,4195277.330010213
2024-07-02,0.5184110247979216,113727331.82856162,4035746.806631081
2024-07-02,0.52075478195343,114474053.95843247,3908118.058322873
2024-07-02,0.5239342729196415,114511427.45346153,3858522.60633621
2024-07-02,0.5221134460402376,114303979.14959663,3775815.5451542963
2024-07-02,0.5223058255871528,114639565.43854038,3756917.5436943257
2024-07-02,0.5168382048736105,113281158.52655406,3915494.5426507825
2024-07-02,0.5167101449855789,113255379.98521039,3881716.7622289564
2024-07-02,0.5189094132093296,113753095.85819374,3829432.5127430023
2024-07-02,0.5190719024578173,113707202.35727912,3967016.0118351956
2024-07-02,0.5225201354464732,114676548.64175484,3965793.9812199455
2024-07-02,0.5260023084518808,115271603.02399857,3809720.7048033266
2024-07-02,0.5215859079158416,115140661.96397766,3724961.141963001
2024-07-02,0.5151332566933036,113135005.29888517,3269156.544863748
2024-07-02,0.5138708212028595,112540851.62190051,3243210.0200575967
2024-07-02,0.5122020545995161,112214279.85302755,3209717.200492917
2024-07-02,0.5105919033656516,111769874.26164976,3264132.718812387
2024-07-02,0.5131670723437418,112419616.75984283,3281207.864526986
2024-07-02,0.5106246237247735,111854107.5133129,3360844.395848204
2024-07-02,0.509673712885646,111698777.90351626,3262229.70654719
2024-07-02,0.5099782004430248,111706223.85703658,3232831.5297240475
2024-07-02,0.509235348874189,111559135.87369211,3209848.5445517083
2024-07-03,0.5103317098524017,111814288.56890851,3165177.0180087723
2024-07-03,0.5104297571264786,111878815.59647872,3021965.3906084574
2024-07-03,0.5055596426710803,110857885.14739114,2930512.1194644384
2024-07-03,0.5004658737949674,109643991.75107458,3038942.8527495232
2024-07-03,0.5004381579562382,109629250.24262683,3053292.302953801
2024-07-03,0.4981028871600233,108892908.05442934,3123129.1701571657
2024-07-03,0.5018996913616035,109794705.79076251,3209211.5691515044
2024-07-03,0.5043545838759677,110432019.44551243,3147841.9279125677
2024-07-03,0.4987971203187992,109405773.04422295,2983706.6055261283
2024-07-03,0.49581843246919294,108924742.56747536,3030083.356903145
2024-07-03,0.49595366655485346,108772127.61590694,3157407.957596953
2024-07-03,0.49103953703858516,107822621.18170853,2699099.9044011054
2024-07-03,0.49139076029581713,107511597.40303558,3196734.8622425157
2024-07-03,0.4842079785481332,105849869.37380715,3205249.974915716
2024-07-03,0.4931118853355236,107909542.04044355,3265100.6636556266
2024-07-03,0.48999145580585246,107739210.41415145,3314732.6805429664
2024-07-03,0.4893101848613897,107182381.04676662,3377799.56408433
2024-07-03,0.48865957386164055,107115035.81338623,3437167.592351869
2024-07-03,0.48381013137047074,105811926.12682477,3333530.65584727
2024-07-03,0.4845231254940189,105742566.70526318,3320062.648562689
2024-07-03,0.48589431704456776,106443181.49577901,3237322.815475739
2024-07-03,0.48150768923003484,105439479.99146493,3254216.238298243
2024-07-03,0.48799097104581146,106897451.6954955,3361637.6910727653
2024-07-03,0.48632325560933204,106557997.47855748,3646899.4230928407
2024-07-04,0.4855235604648404,106203532.49325642,3729087.2625511587
2024-07-04,0.4876846819610996,106803025.79080075,4432302.082967159
2024-07-04,0.47041231284971596,102807460.60228199,4734131.52308215
2024-07-04,0.4747905152644121,103771232.59942153,4750181.198931457
2024-07-04,0.47748473296216354,104744745.42269747,4748899.736937385
2024-07-04,0.47862341155032473,104685656.6758872,4820331.488055333
2024-07-04,0.4737470487345594,103842084.41447148,4662565.975496095
2024-07-04,0.4725454297090562,103485666.52340733,4719390.535946085
2024-07-04,0.47235435841290435,103171465.60539763,4691854.828185963
2024-07-04,0.4724472417117782,103497377.37742327,4688673.789410018
2024-07-04,0.47058695287336033,103376357.01711518,4545804.225085854
2024-07-04,0.4712978361710757,103163330.46977392,4505984.333055599
2024-07-04,0.4675753343043178,102409316.33095898,4421033.1570727825
2024-07-04,0.46229334940583294,101181627.0709325,4331746.061242282
2024-07-04,0.4623571981851583,100227612.15246111,4589248.454472346
2024-07-04,0.45953082294229,101108871.79630914,4492278.106004257
2024-07-04,0.466125499676526,101908342.12150864,4396457.315963014
2024-07-04,0.4667087808829105,101461440.23121175,4421467.079356454
2024-07-04,0.47014613483838796,102609708.51957236,4488777.042777199
2024-07-04,0.4663394719941048,102153426.43795152,4274632.463461344
2024-07-04,0.4676858254020354,102682378.21844982,4423475.796212072
2024-07-04,0.46874706540226285,102533417.32178737,4438691.476782774
2024-07-04,0.47153318687584733,102721846.87858959,4479141.615877619
2024-07-04,0.46233110576572994,101775581.46163383,4135069.368856379
2024-07-05,0.4543087262517252,99052971.22582889,4353721.570273812
2024-07-05,0.45127676953934126,98755871.0400506,4341926.28129711
2024-07-05,0.4476970892270779,98894572.28704005,4117470.441246046
2024-07-05,0.4312127485067042,96375912.990265,4243630.054856491
2024-07-05,0.4209150351779604,92102360.09683363,4742206.053388386
2024-07-05,0.42104584445638443,92212826.52613313,5267958.658594152
2024-07-05,0.4218015128701207,93174710.16096418,5354693.949216801
2024-07-05,0.41180338833885655,90370851.20666447,5646286.514981138
2024-07-05,0.40990001103670415,89451030.18343608,5768342.6145273205
2024-07-05,0.40136938330450644,87926597.64738877,5804987.874669777
2024-07-05,0.4128123447164564,90434301.82062677,5586660.075073644
2024-07-05,0.41775673680863157,91607611.4800811,6189427.2243694905
2024-07-05,0.4261229104254272,93260665.21259667,6028434.987021191
2024-07-05,0.42507960849469906,93709841.38010566,6531061.244303989
2024-07-05,0.4369294873135207,94937675.53910401,6666059.270013109
2024-07-05,0.4338718440908962,95146256.38466431,6623916.873754529
2024-07-05,0.43935375218667944,96181446.8637547,6810562.264526823
2024-07-05,0.4337317469598471,95016108.32360001,6358610.551681236
2024-07-05,0.43922966106746403,95617301.28980467,6937685.702750538
2024-07-05,0.4412341089217466,96616843.48099592,7005337.807173724
2024-07-05,0.43998378271521066,96466066.41547717,6903598.60919305
2024-07-05,0.43866011880024786,96152282.47424392,6875618.225696633
2024-07-05,0.4373145445634277,95800979.35872592,6775580.794962138
2024-07-05,0.43724922876103595,95803631.65691043,6804958.82663629
2024-07-06,0.4367643936665259,95858102.23591575,6582354.794688051
2024-07-06,0.4407869269679774,97080683.9112407,6266181.093914388
2024-07-06,0.43540515298807003,95647958.8539207,5545564.888587687
2024-07-06,0.42966904743223794,93928440.4348826,5358814.684286154
2024-07-06,0.43175560888550624,94583202.6148294,5055625.660055947
2024-07-06,0.4293815551358937,94148504.12581125,4710552.856223986
2024-07-06,0.4285840956854251,93979931.35007714,4474317.320186211
2024-07-06,0.4326183633914146,94774677.31723988,4199154.17998071
2024-07-06,0.4359190068843101,95495263.76327291,3953912.2429188034
2024-07-06,0.4325487831831769,94724908.23995206,3830399.276461003
2024-07-06,0.430897850298628,94249497.18228434,3760299.942404901
2024-07-06,0.43659064625731947,95613270.30019315,3603317.6457531513
2024-07-06,0.43617586049530044,95600228.90643764,3406280.655457725
2024-07-06,0.4333269517077742,94536509.9848326,3208718.403892109
2024-07-06,0.4368217986997717,95535363.75800686,2974158.996647369
2024-07-06,0.43774060273519716,95754200.40113446,2868514.606979286
2024-07-06,0.44260795373551864,96960588.13263264,2793016.781597932
2024-07-06,0.4517707413519675,99072338.69432697,2798449.848148798
2024-07-06,0.45447633405382676,99416830.16074072,2538310.402964697
2024-07-06,0.45428544418495104,99672068.34731236,2656230.8131632665
2024-07-06,0.45630562910788336,99785877.9122284,2706961.939430713
2024-07-06,0.45666611462212015,100030404.9497969,2719491.176361123
2024-07-06,0.4578011056921835,100202242.9215574,2791103.6598074534
2024-07-06,0.4602467582680598,100857046.46654496,2775414.9970701183
2024-07-07,0.46192832599289324,101008158.8997938,2802390.4979687827
2024-07-07,0.4562841154614512,100171781.93962729,2764307.2729884107
2024-07-07,0.44568184895187457,97785581.18913184,2811125.631255163
2024-07-07,0.45095536109144635,98577791.26087321,2785104.007092732
2024-07-07,0.4459879597496783,98158244.87502907,2743329.0752131827
2024-07-07,0.44014704883086836,96421486.23697186,2728657.1431554197
2024-07-07,0.4434786213571503,97079509.84769027,2759808.543144107
2024-07-07,0.4437754752251289,97200159.38560133,2755656.322581574
2024-07-07,0.4401639522119147,96276053.38998047,2668834.894596855
2024-07-07,0.44155873494764786,96783422.7279369,2688889.657863396
2024-07-07,0.4435119045243209,97016736.87501247,2760769.7397783836
2024-07-07,0.44418247526588894,97258485.94402646,2778490.0463705375
2024-07-07,0.44503688686443915,97242981.43874526,2776108.62655953
2024-07-07,0.44414623655027186,97203072.14374438,2799478.790987211
2024-07-07,0.43774657595503896,96444580.09167942,2867732.542186991
2024-07-07,0.42893620657162945,93965565.93607387,2949559.329468777
2024-07-07,0.42999881495098535,94087648.44650471,3086556.3807440046
2024-07-07,0.4333439024903992,94913051.4819884,3046376.7656011954
2024-07-07,0.4363633975595554,94757184.70813243,3051361.0776504776
2024-07-07,0.43436991723415364,95241672.18658431,2941049.797863744
2024-07-07,0.4336105828184518,95037064.75911172,2910196.556971135
2024-07-07,0.43310493229476693,95034901.85112794,2882440.444692551
2024-07-07,0.4278411129618107,93399868.66322613,2929737.598776574
2024-07-07,0.4208182051405445,92085082.85233721,2916805.5837705764
2024-07-08,0.4171978293154381,91159553.85228905,2917385.6295636254
2024-07-08,0.40757110606118935,89217571.1830004,2831570.313069873
2024-07-08,0.40738309602696043,89162565.8920005,2811601.712944037
2024-07-08,0.41369310513689067,90626312.61357072,2778579.1013086266
2024-07-08,0.4132122279664172,90513375.07464457,2813957.74331267
2024-07-08,0.4175289134091324,91471290.33328302,2852245.681226337
2024-07-08,0.41486967356610005,91313698.21858893,2846194.207118915
2024-07-08,0.41721795882243434,91874455.88865525,2924477.677217869
2024-07-08,0.421313804110208,91917473.2174703,3087321.291967181
2024-07-08,0.4383665278916178,95576094.98138997,3248661.6127396636
2024-07-08,0.4386115798199377,96149068.95430619,3362440.724279841
2024-07-08,0.43311414257166897,94787260.05895005,3374759.006690455
2024-07-08,0.4358639469522056,95287709.53250362,3532800.204598733
2024-07-08,0.4339432685168901,95388853.61059299,3514291.0063259425
2024-07-08,0.43366563397471447,94865114.24998309,3475695.7119930545
2024-07-08,0.42519543489951106,93382863.94955246,3436856.900791627
2024-07-08,0.425424704327325,92456671.9743828,3325578.2448486234
2024-07-08,0.4211504918556787,92564765.81760193,3347946.761528704
2024-07-08,0.4265570742056655,93008724.65273649,3396790.068635781
2024-07-08,0.42517480557622495,93132667.85786946,3472667.903776459
2024-07-08,0.4279045403023717,93553548.24261759,3604238.7990801074
2024-07-08,0.4254055735530872,93403045.3525507,3601108.9102685456
2024-07-08,0.42792340770483217,93839227.98758505,3623096.492639226
2024-07-08,0.42911975820733533,93985857.56241143,3613188.790021491
2024-07-09,0.42934846639345564,94084759.88942017,3548950.4792047087
2024-07-09,0.4294749133314956,93951029.42724712,3499397.042649112
2024-07-09,0.42480095316986277,93034964.03379685,3448531.7848569523
2024-07-09,0.43320338449926205,94951730.44101992,3454310.159321093
2024-07-09,0.4322603565228495,94640281.51972978,3425370.0778319966
2024-07-09,0.4367697088119371,95410837.4215554,3416087.085950227
2024-07-09,0.43604725224636826,95353467.36518945,3428942.66519824
2024-07-09,0.4380711308822962,95997098.68647484,3331096.175783341
2024-07-09,0.43884511128367304,96121117.7744314,3353782.9153896333
2024-07-09,0.4443354555687627,97096623.66786411,3245199.688410752
2024-07-09,0.4438124967435828,97224463.18844049,3216410.029462058
2024-07-09,0.4454042216958029,97527040.35478504,3040257.499021567
2024-07-09,0.4437157917008454,97237621.4564139,3004183.449424929
2024-07-09,0.4435993757063252,97438293.26267515,3011548.2758670393
2024-07-09,0.44555798606010666,97348590.34357041,2941037.459213739
2024-07-09,0.4455154257680962,97597517.938974,2944553.491195276
2024-07-09,0.4479242577572827,97843852.58313814,2939788.534021138
2024-07-09,0.4497460967863626,98524316.3542865,2951422.6634402405
2024-07-09,0.447302764892904,98348445.74225469,3013311.881502102
2024-07-09,0.4541406875528964,99344617.6318312,3044154.317606955
2024-07-09,0.45632935582958484,99807610.51667044,3077468.6380548286
2024-07-09,0.454127881587809,99484218.74156433,3137038.179875846
2024-07-09,0.45549374096109924,99761459.45005675,3154284.587266945
2024-07-09,0.45625829723091915,100111256.43295212,3238182.0830241567
2024-07-10,0.45632228626532095,99948212.82970272,3217301.747463447
2024-07-10,0.45252201561541194,99515918.45130643,3250598.507225142
2024-07-10,0.4594612280538774,100580658.69863811,3352238.658125143
2024-07-10,0.459647522142187,100340250.79018165,3371881.57510973
2024-07-10,0.4626298924911909,100721587.4611306,3390255.199691206
2024-07-10,0.46869435447778957,103018740.73870781,3608213.063899514
2024-07-10,0.4683541656950132,102345952.85002416,3637689.7471386474
2024-07-10,0.4712009958911773,103265501.6567088,3664787.6267908355
2024-07-10,0.46865698694130137,102780832.16510293,3647798.517841783
2024-07-10,0.4669923750018437,102403880.73947269,3667381.2439140943
2024-07-10,0.465396970024361,101952898.83035381,3991842.653905803
2024-07-10,0.4697817544023953,103010879.62632087,3965506.0456066336
2024-07-10,0.4732912403958183,104371362.70075569,4131344.3850792306
2024-07-10,0.4705276323232728,103592199.04396288,4187376.709105699
2024-07-10,0.4671186256876422,101662095.03202055,4252337.945760821
2024-07-10,0.4613370899647754,101063514.99754408,4198246.923537073
2024-07-10,0.46462109795772827,101841008.09795383,4280319.702539463
2024-07-10,0.46315081947504316,101595382.57046989,4168548.5659379996
2024-07-10,0.4636300888986007,101196145.75546373,4204289.869434472
2024-07-10,0.46305171444263443,101360972.39832817,4181058.838497901
2024-07-10,0.46396319355682153,101638806.39624806,4049647.315179255
2024-07-10,0.4637821340430047,101629734.84169415,3944205.864637213
2024-07-10,0.46412428930388483,101674097.08239387,3836475.222937383
2024-07-10,0.46704862862164004,102131415.546934,3862961.7481757533
2024-07-11,0.46950226467948664,102660105.30363104,3830614.122353161
2024-07-11,0.46653279867711345,101971723.46741872,3795778.103849468
2024-07-11,0.47078481798458377,103186859.4987337,3781840.7781612137
2024-07-11,0.4669111910516439,102327703.39647421,3737323.73918787
2024-07-11,0.46180390406783967,100894519.69304636,3729941.050514347
2024-07-11,0.46256873777325025,101333327.8078971,3636224.5852927654
2024-07-11,0.4658433602672648,101878327.68961376,3456773.916792053
2024-07-11,0.46747387076753044,102292410.37138173,3473531.606309041
2024-07-11,0.4703813082202847,102852976.78821513,3449789.822825875
2024-07-11,0.47335443354484397,103545619.29112197,3421714.1358213145
2024-07-11,0.4755860928756926,104184994.60694961,3396295.548228781
2024-07-11,0.4743930360202138,103923635.78272021,3352173.797366683
2024-07-11,0.4759412425870023,104322955.30878703,3196181.7181637012
2024-07-11,0.4833853026494685,105804741.30622093,3081381.941737957
2024-07-11,0.48529757360469783,106908717.57517238,3302136.2023359053
2024-07-11,0.4807525065693636,105316782.92220019,3342722.565845859
2024-07-11,0.4651716677799415,102223913.03185304,3527566.986097112
2024-07-11,0.4656657128824012,101683907.47668631,3566340.797637987
2024-07-11,0.4645166805621676,101653466.9532823,3405142.06314641
2024-07-11,0.4659765995362531,102004142.55733696,3499638.015479744
2024-07-11,0.46104515289795206,100999561.35762866,3459933.0832697954
2024-07-11,0.45928205360862956,100698105.75324596,3476697.7684418657
2024-07-11,0.45629027496478364,99864704.28981021,3423213.4779258147
2024-07-11,0.4542057532719763,99399648.66129962,3527204.9520593574
2024-07-12,0.4523607703951605,99384700.86529823,3545309.2228623447
2024-07-12,0.45530965012514774,100208046.05274285,3565060.09549478
2024-07-12,0.44958244915343304,98065295.85949363,3724187.3780738614
2024-07-12,0.4464161956801376,97927559.21853454,3981977.0364045384
2024-07-12,0.44362324777550743,97237787.44788663,4028225.4412471335
2024-07-12,0.4427282750620204,96796656.09450576,3970094.519157856
2024-07-12,0.4403900960997105,96452601.62323207,3892129.212551953
2024-07-12,0.43919133080041367,96151780.44980286,4023678.354571546
2024-07-12,0.43576032804715065,95472503.41412328,4383955.010943286
2024-07-12,0.4378453797915314,95751690.29452942,4409849.965447504
2024-07-12,0.43167763697104405,94909598.09324425,4459311.182772618
2024-07-12,0.42982306987739916,94249978.30588241,4526985.11552698
2024-07-12,0.4323312448902428,94461011.55471227,4602330.4420310315
2024-07-12,0.43286245269804535,94776077.66447407,4637334.952777281
2024-07-12,0.44401562915772125,96188537.86724333,4562072.731106337
2024-07-12,0.43933461276380176,96270274.8252511,4447076.309407356
2024-07-12,0.445080115467848,97327816.81502281,4470085.854234689
2024-07-12,0.4455529347770159,97605734.90736426,4528920.574028376
2024-07-12,0.44635940566449694,97752214.3206992,4508913.761174517
2024-07-12,0.44563442077338616,97594835.36699237,4506390.109625775
2024-07-12,0.44194090410193304,97154313.9772724,4471095.754396069
2024-07-12,0.4446043334731319,97198609.79313655,4525634.208261328
2024-07-12,0.4439032518958621,97373232.96771382,4466557.46003413
2024-07-12,0.4446038068873102,97454530.17001833,4399845.022346524
2024-07-13,0.4476176300039463,98102550.76942366,4439654.017585478
2024-07-13,0.4488526925075445,98376785.88080202,4389901.256629312
2024-07-13,0.4453300560263851,97975916.42934847,4021736.202121936
2024-07-13,0.4447219398412349,97273187.3803925,3931810.587154043
2024-07-13,0.4431287502149815,97035356.71939585,3932497.1244134684
2024-07-13,0.44142496386656177,96867024.39218874,3910287.9166863095
2024-07-13,0.4434355250987971,97319242.081557,3906561.3145469693
2024-07-13,0.4465514682889242,97909397.58236681,3452173.457931041
2024-07-13,0.4457901075063127,97657691.51394477,3449064.9248984996
2024-07-13,0.44435105879701126,97342444.10813618,3415777.8460223675
2024-07-13,0.44724766508738467,97583683.49846958,3396816.457555518
2024-07-13,0.4439313575420015,97486896.85471368,3449365.3737706225
2024-07-13,0.4413332603725666,96919603.65042412,3416842.5916681755
2024-07-13,0.43958069459332344,96520473.89458804,3366679.9412672357
2024-07-13,0.43797047712039827,95952524.03419857,3199277.457651764
2024-07-13,0.4379333351487905,96010730.96767302,3098530.457485818
2024-07-13,0.43954857932385144,96232450.61255695,2959136.4276047875
2024-07-13,0.4417557577641117,96702443.17907584,2910210.030695796
2024-07-13,0.442543362716007,96641840.5387609,2881300.5607174183
2024-07-13,0.44347586627104174,96720239.04124027,2848363.2076570033
2024-07-13,0.44577827186800895,97894853.97737165,2881103.6622965927
2024-07-13,0.4447788948028788,97545350.72646475,2815106.4859944107
2024-07-13,0.4448239485697911,97324189.35102257,2815712.6258185552
2024-07-13,0.44942387721640664,98546841.61186948,2916513.679836036
2024-07-14,0.45066766737973274,98786538.7521345,2964025.8232228174
2024-07-14,0.45131997582007705,98808258.06209503,2955292.770967242
2024-07-14,0.45221163264394015,99064432.73673107,2858370.6313717244
2024-07-14,0.45197590915101127,98989441.22019912,2936345.675037946
2024-07-14,0.45643706224109076,99894686.10330294,2987963.851151745
2024-07-14,0.46170414830864326,100863269.53759132,3077283.740336667
2024-07-14,0.46079103871751603,100986892.06454314,3178193.740439749
2024-07-14,0.4604401029013442,100679291.28999218,3234069.2494215243
2024-07-14,0.46443800482040015,101483199.33987017,3316463.3324736026
2024-07-14,0.4666910106587361,102117239.80676223,3433110.519450658
2024-07-14,0.4671041116677341,102406311.55072843,3458295.5580721246
2024-07-14,0.4640717109877049,101640370.51268058,3340018.1529504387
2024-07-14,0.4635752855314616,101800068.35388906,3432493.9253305066
2024-07-14,0.4630733587335475,101468004.30809711,3373470.1047992185
2024-07-14,0.46321421588347506,101839606.71449848,3516253.6787110805
2024-07-14,0.4650183223409604,101692358.27561381,3412918.530638986
2024-07-14,0.46320101530700625,101613545.43077154,3439917.0673180525
2024-07-14,0.46657656315426177,101900204.90199187,3452673.5217269505
2024-07-14,0.4636433270596241,101958538.76684323,3471578.3441189625
2024-07-14,0.4641302423010189,101676333.29940385,3379535.9306535316
2024-07-14,0.4621200472168343,101474284.54199186,3336443.5173796723
2024-07-14,0.4634112415693327,101189407.10511011,3368240.2155134287
2024-07-14,0.47235130997091124,103842236.92795753,3696409.432325503
2024-07-14,0.47253801169346604,103517262.04224901,3653770.2131616464
2024-07-15,0.4734737413503369,103110868.45773387,3719137.778548061
2024-07-15,0.47868476648044206,104669122.81369366,3791820.128089899
2024-07-15,0.4780173686180621,104851880.47712211,3778235.6425345205
2024-07-15,0.480085332383169,105055809.51734434,3775394.716485875
2024-07-15,0.48188234888986314,105493669.9276181,3846041.804465336
2024-07-15,0.4816334926018441,105497984.05284294,3827260.561866764
2024-07-15,0.48301740378458946,105609230.51296818,3772076.305296442
2024-07-15,0.4861675838216142,106600446.12507455,3766876.086369361
2024-07-15,0.48816042633070383,106959266.37609833,3687678.060810452
2024-07-15,0.48068381030844454,106297489.35389145,3593810.202687254
2024-07-15,0.4843237217461881,105812322.78325182,3564451.2670753486
2024-07-15,0.48129787162427107,105237829.88895257,3569692.017242673
2024-07-15,0.4839778630837846,106023350.57860193,3451258.7193166995
2024-07-15,0.4883102697220289,106860320.3906325,3518702.185823496
2024-07-15,0.4889515923529368,107255490.94594336,3573278.6375693143
2024-07-15,0.49128420864555944,107623926.34049448,3628702.5648000133
2024-07-15,0.4913205105628505,107528459.92345378,3668904.511240694
2024-07-15,0.48981755508832275,107520275.77517724,3684778.861569618
2024-07-15,0.4876353843988788,107303234.35829015,3822928.0938156745
2024-07-15,0.483981753996077,106088019.10842472,4160905.5900129913
2024-07-15,0.4857038273622699,106471659.68175438,4575473.496113139
2024-07-15,0.49050844512121394,107620046.63464321,4869300.364291684
2024-07-15,0.4855053191215788,106340260.37962092,4784022.6199431615
2024-07-15,0.4866558306249591,107082783.90318534,4857806.197588055
2024-07-16,0.49453527201021763,108360137.12176555,5000759.676992963
2024-07-16,0.49318962256543364,108057062.58548743,4969711.787859162
2024-07-16,0.49439230875746293,108299839.8043853,5019466.058032576
2024-07-16,0.4916911302084842,108079009.73356259,4932663.994011156
2024-07-16,0.49161207999047535,107729460.23731242,4939641.940635996
2024-07-16,0.4915814333780131,107537828.77985212,5040106.571203108
2024-07-16,0.48472110514391464,105845855.63712108,5089462.923269241
2024-07-16,0.47723205185745843,104477405.55440524,5029069.477560403
2024-07-16,0.4746817354635261,103711186.47060385,5333120.190199929
2024-07-16,0.4706343564831772,102648885.51555145,5336846.506140397
2024-07-16,0.47235724829051046,103300259.86746585,5272328.751673487
2024-07-16,0.47325633573825493,103707737.56531957,5264255.423716409
2024-07-16,0.47433181632835947,104091788.69955689,5479197.6484416025
2024-07-16,0.46754641125822755,102580311.130422,5935731.965738165
2024-07-16,0.46681135597795637,102940035.4669957,5965115.282084908
2024-07-16,0.47542916800303875,103644844.82001704,6064851.2669233065
2024-07-16,0.4880083372047757,106464050.90440765,6119179.12141405
2024-07-16,0.48787924016985745,106297751.20342827,6610327.403580847
2024-07-16,0.48838100387453476,107470861.6566878,6604621.235337583
2024-07-16,0.48726205962565505,106433661.39860474,6459842.701197015
2024-07-16,0.4889427303271452,107110986.81255074,6053345.419999571
2024-07-16,0.4880862201230343,106971266.03384693,5765612.910704235
2024-07-16,0.48738365174719817,106826632.70315805,5564499.865198781
2024-07-16,0.48572061959660845,106364565.38170601,5521652.303310252
2024-07-17,0.48470588375540674,106182835.54017442,5472640.526091711
2024-07-17,0.48432081084808015,105814774.93506128,5433454.147199705
2024-07-17,0.4894967170482854,107393277.17415519,5548975.603665678
2024-07-17,0.4890450075681723,107312597.11019999,5509551.879429362
2024-07-17,0.48463686057501565,106101589.20679031,5285478.450752219
2024-07-17,0.48291160220687235,105782413.5247848,5416353.260833927
2024-07-17,0.4858610032922955,106579406.0317268,5582951.387785278
2024-07-17,0.485349343159165,106615262.67832652,5558422.320108664
2024-07-17,0.4856945112932318,105971188.91004455,5483187.378725472
2024-07-17,0.4831671722543743,106122804.83551912,5459704.654487646
2024-07-17,0.4825403977079278,105332896.80667308,5545297.858942727
2024-07-17,0.4816491421616228,105853035.08365998,5593171.445488892
2024-07-17,0.4771138928159034,104647716.19787009,5696832.714008381
2024-07-17,0.4771872863753569,104385999.34163645,5646482.775939082
2024-07-17,0.4810238951972692,105323807.31593233,5410463.2003801465
2024-07-17,0.4823570666396289,105892857.4908219,5210397.2374913795
2024-07-17,0.48039708884363014,105495842.22285236,5383529.608178894
2024-07-17,0.47152810471498396,102994833.28793056,5355221.031605941
2024-07-17,0.472903516681204,103563861.62114592,5276296.203456052
2024-07-17,0.4735762314761316,103705098.04753129,5195512.2763307905
2024-07-17,0.4743063536661943,103960821.04764426,5197886.3407731755
2024-07-17,0.47137946261469627,103943710.91463266,5229033.894423325
2024-07-17,0.4714487003202261,103352907.44808528,5234928.602383547
2024-07-17,0.4650876481370067,101861232.85844488,5460968.371324895
2024-07-18,0.46652127105020247,101876550.32062967,5418989.963605115
2024-07-18,0.4702489711528756,102209396.68660001,5629459.853912636
2024-07-18,0.47328878556152426,103219653.53873846,5532679.310676552
2024-07-18,0.46706257464377743,102299924.16489416,5730210.185264168
2024-07-18,0.4673448874027281,102291919.37372716,5943507.96800407
2024-07-18,0.4627732773918518,101342329.15402909,5878896.750224656
2024-07-18,0.4630393944760947,101932248.2921531,5828648.29055354
2024-07-18,0.4680083071421451,102603833.97357634,6025015.541004751
2024-07-18,0.4603150029889112,100771401.99797933,6194902.321400825
2024-07-18,0.46165584866890613,101117297.97509336,6202914.130781866
2024-07-18,0.4568134225199613,100307170.64949961,6008466.836876244
2024-07-18,0.454830423177619,99629082.74021055,6219115.808523637
2024-07-18,0.46279491624483526,101041501.15009005,6018196.215276702
2024-07-18,0.4608100303417083,100881604.78595154,5906435.811464987
2024-07-18,0.4577661492414245,100281241.40801485,5656083.627652201
2024-07-18,0.45101109025432246,98801434.08252016,5577957.421784787
2024-07-18,0.4423425921917422,96707801.52407135,5740934.379823625
2024-07-18,0.4464029147460472,97819269.08032583,5600023.696178515
2024-07-18,0.44231351739261593,96871132.54386325,5471197.418107011
2024-07-18,0.43960860183326234,96659652.64280267,5484590.300587356
2024-07-18,0.4416439643311105,96565422.02234185,5397814.189734482
2024-07-18,0.4427764877932879,97073342.54156603,5346753.215911453
2024-07-18,0.44032714883532975,96553278.33097231,5305172.682822596
2024-07-18,0.44362911285046114,97085720.58550447,5100512.775792601
2024-07-19,0.44477350820693035,97469502.25440675,4986840.94880812
2024-07-19,0.43900682436272764,96234103.96179298,4853649.749013821
2024-07-19,0.44092906573875895,96467719.53883281,4754789.194733399
2024-07-19,0.43918027977232177,96134364.77705863,4426836.849662884
2024-07-19,0.4456731738220876,97573472.57618617,4235177.232525925
2024-07-19,0.44273302130102726,97041836.18217161,4116795.869398604
2024-07-19,0.44352653590244345,96978205.98395912,4002035.0524448524
2024-07-19,0.4450711035378269,97462744.04315592,3943116.5315853558
2024-07-19,0.44043125906214303,96478807.01631862,3633365.1047948734
2024-07-19,0.45105356320525536,97907649.29870373,3923944.131800053
2024-07-19,0.4480323043218682,98288270.77217574,5266915.222100903
2024-07-19,0.4553957739334963,99766423.50129263,5964107.7190474635
2024-07-19,0.44776752286681354,98036443.53979279,5702737.6760729505
2024-07-19,0.4494291506739042,98434568.74838635,5861826.9886042895
2024-07-19,0.45388690279966803,99203666.6034428,5616443.083428406
2024-07-19,0.4583403417328773,100366798.06526592,5932502.625032085
2024-07-19,0.4686811058472469,102528003.2434684,5789932.22606218
2024-07-19,0.473835474748741,103948753.51395476,6434436.760897464
2024-07-19,0.4736206721881952,103844645.59722623,6413189.959559622
2024-07-19,0.46984121137587204,102926483.35726759,6608351.269635043
2024-07-19,0.46807090989165634,102578373.24662615,6490446.425490346
2024-07-19,0.46008109053487034,100800444.00844237,6907717.020806653
2024-07-19,0.45873501291535906,100613427.90251079,7245192.948569588
2024-07-19,0.4628855312694257,101402726.65951405,7432754.367778779
2024-07-20,0.45943865727965333,101261800.2527222,7524806.023056887
2024-07-20,0.4569271675564994,99716685.91737801,7514222.310198211
2024-07-20,0.4565662804298789,100039262.84092912,7499838.667329443
2024-07-20,0.4577285947172746,100244894.86946675,7413752.599346972
2024-07-20,0.45981328555247686,100722333.04124837,7644654.387264832
2024-07-20,0.46129205469388435,101033854.26386008,7712287.5450510485
2024-07-20,0.46052604822146365,100902712.9560577,7466755.352234081
2024-07-20,0.46308110162130045,101445569.57767457,7768649.279348749
2024-07-20,0.4641162369726446,101674066.84423922,7776985.963479061
2024-07-20,0.47496816420396354,104200932.32785547,9209659.427976387
2024-07-20,0.4802394731277442,105204394.46688369,8608843.558843816
2024-07-20,0.4792607368806894,104948812.78424934,7398277.098309729
2024-07-20,0.4754356149635756,104221095.32567427,7283480.384951053
2024-07-20,0.47535994087375844,104135496.99735387,7079574.567590719
2024-07-20,0.4832584215530708,105270601.07593906,7513811.369523612
2024-07-20,0.5038743503274475,110200819.06654842,8706658.503179159
2024-07-20,0.5424427231697907,118831044.54611392,19809902.22318326
2024-07-20,0.5470029061969334,120403382.84277895,23077503.3672191
2024-07-20,0.5531486429086621,123783508.34194688,26330530.58449514
2024-07-20,0.5399826031039617,118247744.16177651,25725675.48638496
2024-07-20,0.5281033169988751,115890855.72426257,26861332.0374199
2024-07-20,0.5151152690627131,112872779.95742896,27332309.15834465
2024-07-20,0.5194864816165998,113783097.09265795,29460183.11729973
2024-07-20,0.5168919640140854,113249213.43456674,30586816.37513334
2024-07-21,0.5213835057226678,114290288.67513627,31836794.23399012
2024-07-21,0.5161209776821558,113211744.93604475,32054352.0533219
2024-07-21,0.5220865112860912,114320523.13418648,32541739.00962775
2024-07-21,0.5285825499666255,115783961.39224395,33381742.30919234
2024-07-21,0.5291158995116727,116080019.4467982,34386768.71396696
2024-07-21,0.5238307776888594,114753790.25166906,34811020.59738009
2024-07-21,0.5160460550731935,113413265.05636568,33933128.065654576
2024-07-21,0.508820536101648,111443260.36566512,32769074.382423844
2024-07-21,0.5082140230835531,111332682.02603985,34550322.00903812
2024-07-21,0.5044248404547558,110502945.54928163,32733329.96455411
2024-07-21,0.5205935627602613,114044624.8136341,35105503.675950244
2024-07-21,0.5657397404645207,124863645.85370684,40837900.89744991
2024-07-21,0.5688605200392857,124165117.7458829,44787176.306817874
2024-07-21,0.5937982104017586,130081312.87912495,48633814.77959482
2024-07-21,0.5811447601853137,127498152.20628229,49868955.63619212
2024-07-21,0.5664166094001462,124059187.91229469,42939292.29909196
2024-07-21,0.5413379207701303,118813227.45069021,38441215.223222665
2024-07-21,0.5401027976988036,118512492.00054237,37551105.355767824
2024-07-21,0.5274573222381898,116314040.02551594,35486124.51433793
2024-07-21,0.5365273030793792,117535173.99933061,34969916.202697
2024-07-21,0.5547944599229718,121536896.64375503,35088472.49891087
2024-07-21,0.5550901295206988,121625528.84983285,34109545.05632775
2024-07-21,0.5602283817579715,122727287.03900574,34156608.91905587
2024-07-21,0.5533636195552815,121236507.73536137,32684770.783630077
2024-07-22,0.5497254879923652,120426575.77295312,32271763.370870642
2024-07-22,0.5698986601475893,125110178.91009927,31355190.70969309
2024-07-22,0.5768130181520004,124034149.01605146,32788244.216663737
2024-07-22,0.5797675424543419,127310740.86166354,34420470.84601006
2024-07-22,0.582068864608418,127471810.94019823,33925544.59780455
2024-07-22,0.5669929520817594,124098942.33482625,33143704.03761105
2024-07-22,0.5610515450142083,122457818.75646898,34480860.69087062
2024-07-22,0.5727415219434797,125404994.99531111,34291570.82610594
2024-07-22,0.5770649418347488,126415613.8153253,38180957.55850719
2024-07-22,0.5850426432646656,128213101.1583166,40030917.62401397
2024-07-22,0.5633318416469401,123564485.57555375,36864423.558163285
2024-07-22,0.5632897398415317,122919357.54635604,33953393.223759264
2024-07-22,0.5696708080161531,124458734.87779543,32136404.62554798
2024-07-22,0.5632730430117783,123347278.82511206,31381278.879959773
2024-07-22,0.5568877645537574,121981569.5521191,30089002.18130502
2024-07-22,0.5654159455992379,123208897.59857905,30590373.7200377
2024-07-22,0.5637155865536314,124317667.00622904,32150787.640543174
2024-07-22,0.5583029790526768,122305495.75142962,33463861.34664401
2024-07-22,0.5537031415217816,121300494.12337974,33329315.42513367
2024-07-22,0.5517403173747939,120880657.34370758,32872474.744507067
2024-07-22,0.5541719688464679,121797495.84294134,21596471.074007187
2024-07-22,0.5500825763395567,121273308.52394083,20969854.282398295
2024-07-22,0.5457388434394469,119553114.17275405,31381062.527853537
2024-07-22,0.5361425935666313,117357903.5731215,30772519.77949483
2024-07-23,0.5383592726701746,118253667.06616361,30840702.519088462
2024-07-23,0.5428278725801247,118915417.89058219,30501630.432120707
2024-07-23,0.543658860710743,118258204.61472245,29908930.668274865
2024-07-23,0.5399177467579963,119118706.60096873,17141004.10597739
2024-07-23,0.5434792428054147,118996924.00421582,27554141.398899026
2024-07-23,0.5422136230947621,118846025.81299764,26818105.87243961
2024-07-23,0.526111274953255,115261875.29163274,26129815.316172667
2024-07-23,0.542739994233227,118647017.5149786,26673037.289765127
2024-07-23,0.532995270697737,116780871.77675062,13612378.299127625
2024-07-23,0.5383348179041376,118287906.21653989,11755355.95572163
2024-07-23,0.5349048652576143,117212029.67080452,20935205.39668291
2024-07-23,0.5298402612512748,116203127.8585283,20761631.93632825
2024-07-23,0.531586993285015,116447016.46874581,20705849.470774487
2024-07-23,0.5316536225280487,116532473.04093184,19139929.33442076
2024-07-23,0.5188453975304443,113851575.57065246,16100051.469718996
2024-07-23,0.5330621959936293,116978783.82018186,14185107.631756121
2024-07-23,0.5240530366295777,114802479.74635145,11698440.08154482
2024-07-23,0.5232420791444857,114826610.07151188,8491234.329751352
2024-07-23,0.524977531244725,114972057.72954045,8224602.092275199
2024-07-23,0.5299397865117982,116084836.61567646,8018402.678567229
2024-07-23,0.5305810997538719,116261703.68630968,7977874.5874421075
2024-07-23,0.530288197018806,116212437.83052267,7745091.783411156
2024-07-23,0.5290168148808848,115717874.9191969,7593565.103666866
2024-07-23,0.5296301645913536,115673426.87046446,7692249.736865184
2024-07-24,0.5285167914786745,115780339.02745,7581749.273194707
2024-07-24,0.5224167196518605,114453851.7740609,7545295.814670201
2024-07-24,0.5179214080030851,113455379.34478988,7141844.987938755
2024-07-24,0.5253655787835116,114933259.27368881,7342708.673797823
2024-07-24,0.5245142889624778,114990673.66601609,7325177.798055803
2024-07-24,0.5237719371033774,114756016.44800703,6937984.289805313
2024-07-24,0.5279132739218128,115689092.51202926,6344538.521297364
2024-07-24,0.5309102940591752,116224961.93094683,6001286.222628844
2024-07-24,0.5415515429421933,118640311.301213,5886654.278707193
2024-07-24,0.5391278235183351,118003832.99128658,5656420.4560900675
2024-07-24,0.5324828821532979,116653185.66953316,5344614.248684963
2024-07-24,0.5308031879170086,116412461.01151974,5186557.5358515065
2024-07-24,0.5322425241499618,116600188.7365734,5177106.470261759
2024-07-24,0.53580441276036,117376812.92629535,4981704.466500782
2024-07-24,0.5335810580205839,116929170.79674672,5036921.928983105
2024-07-24,0.5264924271038379,115189893.85628554,5088387.833341611
2024-07-24,0.5211112051829093,114224180.21505013,4937469.230175918
2024-07-24,0.5272915291852767,115366428.76285358,4879509.407794774
2024-07-24,0.5261772906230326,115433222.03854409,4992627.801090431
2024-07-24,0.5200329776076659,113837530.7661502,4951184.410585291
2024-07-24,0.5166093648695681,113213357.75246325,5104061.304519224
2024-07-24,0.5100422313136089,112314997.51191126,5031086.969077298
2024-07-24,0.5075741877705466,111183864.456081,5030764.592448682
2024-07-24,0.5046428378682672,110630377.49258427,4961785.664675074
2024-07-25,0.49990880954179073,109696060.41226849,5000090.237084851
2024-07-25,0.4891427436956132,107313236.68747798,5029912.4446741985
2024-07-25,0.48351468280826004,105951937.10525316,5324472.886652864
2024-07-25,0.48104165540788846,105442353.24214268,5439868.312387722
2024-07-25,0.4844438717270899,106119871.52955405,5549658.597774551
2024-07-25,0.48858255577639176,107192227.20516752,5731045.670189038
2024-07-25,0.483827238128734,105955924.77050823,5684376.430320431
2024-07-25,0.487879511070447,106879532.69587006,5563578.909000372
2024-07-25,0.48954238795410365,107159596.24055049,5385542.912192911
2024-07-25,0.4912899622941022,107627180.82269272,5386825.256752923
2024-07-25,0.4758076091068434,104284854.73277965,5479198.768451701
2024-07-25,0.4805323367025954,105454500.44998817,5611966.150098594
2024-07-25,0.4817795296945681,105396256.90790877,5719539.498582547
2024-07-25,0.4726492566845253,103565580.22778969,5770349.204210418
2024-07-25,0.48122207531138605,105306822.05958052,5608259.808259924
2024-07-25,0.4828391585845804,105773898.53640458,5548337.44613217
2024-07-25,0.4822690045945879,105434928.84048873,5522118.410470073
2024-07-25,0.4844294019113745,106165394.69064143,5479218.063319897
2024-07-25,0.4813790267303689,105546527.0269856,5455574.138469678
2024-07-25,0.4738190800256394,103760976.82023087,5473022.9910083935
2024-07-25,0.47291787033627275,103728259.14190534,5453414.34704201
2024-07-25,0.47706576935998,104138145.93220353,5597930.976198121
2024-07-25,0.48593403178957945,106481400.11523141,5540735.818056927
2024-07-25,0.48298248560980733,105805475.01573095,5431458.283219251
2024-07-26,0.4832701762792615,105900820.8682883,5284802.84241472
2024-07-26,0.4885476956376564,107064205.74658184,5293166.079695328
2024-07-26,0.4925590511713031,107939014.34464434,5261295.42829686
2024-07-26,0.497236990223536,109124811.58971705,5295638.723766019
2024-07-26,0.4982672896758291,109142911.27323556,5267500.800066537
2024-07-26,0.49638844222122525,108687452.76744503,5114415.2429750515
2024-07-26,0.4964896762423692,108743685.80440362,5190027.954986874
2024-07-26,0.4979145436490602,109185715.26857038,5355344.651477016
2024-07-26,0.4947680745649386,108206164.97752844,5421968.992290084
2024-07-26,0.49554750936785324,108632638.30161344,5393004.104548303
2024-07-26,0.49246008207587283,107830951.04381621,4922104.944169284
2024-07-26,0.4924505804722685,107880467.41192104,4910382.237586131
2024-07-26,0.492707748411131,107901692.02692108,4752583.35552559
2024-07-26,0.4884629201623927,107128748.17093529,4677411.147339887
2024-07-26,0.49047211632098486,107603036.42686598,4698932.286330493
2024-07-26,0.4892931772491337,107172005.04165366,4659722.045602858
2024-07-26,0.48880418457646724,107235870.54557379,4667719.882795277
2024-07-26,0.4896317583526157,107234560.91120371,4961353.877555641
2024-07-26,0.4931130186809353,108024557.40714465,5057524.965443843
2024-07-26,0.4890028491148406,107054248.5059249,4957394.273074785
2024-07-26,0.49084333629331833,107534491.19897239,5027133.031417081
2024-07-26,0.4951266415120112,108435474.25121641,5038571.932099714
2024-07-26,0.4953796809216911,108521107.23664239,5112215.666473683
2024-07-26,0.4930871296184264,107991249.37462275,5148682.562399227
2024-07-27,0.4932405665531185,108217556.40888093,5100966.244158356
2024-07-27,0.4888372183555727,107107960.57718079,4970865.469037392
2024-07-27,0.4875828087840668,106728902.6814681,4633007.6138042845
2024-07-27,0.48901092975748367,107107869.90311322,4543421.269008284
2024-07-27,0.48784074628735113,106944056.30104698,4550010.066194353
2024-07-27,0.48937277399945434,107302966.61281809,4535026.78839702
2024-07-27,0.48682193960096903,106838453.9373682,4507670.287694823
2024-07-27,0.4913955826025456,107676975.32808386,4384586.687408273
2024-07-27,0.4930972898954742,108021111.75670831,4304131.955562242
2024-07-27,0.49160435096289967,107701480.67133749,4163363.6673696814
2024-07-27,0.4909947951950494,107568149.85376553,4102026.606761281
2024-07-27,0.48949059922358257,107211807.9191854,4131239.4541601236
2024-07-27,0.4909945078520295,107599384.06400643,4135602.6475821296
2024-07-27,0.49475757754035904,108580339.05728893,4696685.488437568
2024-07-27,0.49388625912331824,108276176.85949254,4618841.181876934
2024-07-27,0.48861995081873333,107323929.71849196,4500152.985440759
2024-07-27,0.4886025553851843,107083316.64294907,4540436.236326879
2024-07-27,0.48936592664938117,107160385.25395183,4501394.939889397
2024-07-27,0.484464664339554,105798249.47442481,4387662.024394448
2024-07-27,0.47928450107769077,105100115.52846412,4247138.64961846
2024-07-27,0.4765748032776216,104551335.16007714,4205646.759518024
2024-07-27,0.483768831073599,106393972.4576267,4422140.834811618
2024-07-27,0.4819345413909487,105522762.58445717,4514911.943905262
2024-07-27,0.4824305229874936,105712939.06780326,4546237.480785134
2024-07-28,0.47668414678826004,104425541.46623062,4410475.751572764
2024-07-28,0.476901218631283,104473094.6414253,4466542.946335584
2024-07-28,0.481322413698789,105455639.5750305,4514657.833468812
2024-07-28,0.4801329202629344,105133602.35979708,4592246.250251373
2024-07-28,0.47915204227745334,105003183.00277196,4561852.547837055
2024-07-28,0.4696176287154391,102857664.26200919,4588585.9844564805
2024-07-28,0.4700743184277449,103153559.34947953,4864681.612742962
2024-07-28,0.4701591065721411,102995550.82863714,4893591.26082423
2024-07-28,0.4692618042429999,102841648.06574123,4920151.590883322
2024-07-28,0.4686829294257272,102672742.55084603,4834902.281619584
2024-07-28,0.47051792151617117,103116584.39849985,4850618.208045645
2024-07-28,0.4714801508027604,103272316.71051033,4869704.758425927
2024-07-28,0.47195598480843826,103389759.43276131,4777233.265781332
2024-07-28,0.4739166492476063,103819275.38598357,4429907.781137167
2024-07-28,0.4734746026722885,103519458.47161572,4298012.603044058
2024-07-28,0.4686507378920748,102714095.97399521,4345856.324864626
2024-07-28,0.4692949354686779,102806812.59040226,4301897.074189305
2024-07-28,0.4733006183725176,103716704.72574897,4455751.336405481
2024-07-28,0.475453899368542,104096667.9716349,4320668.913321883
2024-07-28,0.47576462978548706,104240094.19163853,4274350.332019851
2024-07-28,0.4744988859193766,104118129.08699524,4249076.542100969
2024-07-28,0.4700932598826841,103232855.11331911,3940882.4505342655
2024-07-28,0.4689926867778343,102818804.15748806,3668729.1260006796
2024-07-28,0.4653564601928907,101798449.23282453,3801802.12645333
2024-07-29,0.46711259228297025,102964746.47260122,3879810.6028295862
2024-07-29,0.4708695672697923,103113312.19630285,4070157.292677349
2024-07-29,0.46793899634063485,102512160.71797723,4037482.579157796
2024-07-29,0.47461443174575524,103953604.71326858,4083336.685264627
2024-07-29,0.4727744675072757,103500668.20355427,4205111.160912747
2024-07-29,0.4741981831331372,103952651.43454275,4133341.295573878
2024-07-29,0.47724353980851203,104315910.25753956,4044925.759056328
2024-07-29,0.47602318747686684,104420517.174202,4178107.1899685054
2024-07-29,0.4760906219406262,104120954.56466208,4083263.814182826
2024-07-29,0.47547880851473967,104183677.44190389,3608349.695984223
2024-07-29,0.47697996038424884,104463797.57091925,3707387.492020965
2024-07-29,0.4759212873651805,104335655.80628027,4203484.732444031
2024-07-29,0.47765958776064454,104639227.93429527,4343403.8113965895
2024-07-29,0.4791442028818716,104752651.07613815,4451484.209137219
2024-07-29,0.47611899582893635,104543680.06399816,4558050.704872851
2024-07-29,0.46936192785334346,102624511.33768782,4415218.863198793
2024-07-29,0.4671636895804861,102342780.76493528,4555699.639060906
2024-07-29,0.45951859570159087,100901128.39983562,4721079.575670393
2024-07-29,0.46293603513714077,101637583.91487879,4995631.767676014
2024-07-29,0.4665008245917561,102629707.67679383,5169388.019983172
2024-07-29,0.46658996603388575,102181038.05961673,4490771.829618173
2024-07-29,0.4659242402375762,102092490.95762129,5082073.996436674
2024-07-29,0.46847784030104794,102624987.1059619,5162457.756365851
2024-07-29,0.46696915962829666,102243484.26516515,4944085.1941191405
2024-07-30,0.46799863803941455,103020901.16438977,5019522.203262839
2024-07-30,0.47053385484942123,103074494.88189487,4880125.789945404
2024-07-30,0.4614290125086815,100840635.41148323,4880664.50090358
2024-07-30,0.4605697843702059,100844497.10998414,4973950.600969148
2024-07-30,0.45702958491227064,100047952.17055511,5107946.767487735
2024-07-30,0.4504365291845216,98720824.03255142,5050332.016571894
2024-07-30,0.4498867310712979,98562117.45982815,5437976.670667695
2024-07-30,0.45262967448583374,99334748.55426782,5543857.808899978
2024-07-30,0.45176355205307916,98880179.1925971,5782535.28649841
2024-07-30,0.4497354526084907,98482534.11318131,5272723.587435303
2024-07-30,0.4455135706197949,97533328.69413848,5906847.366917485
2024-07-30,0.4435095351082267,97275215.04912843,5789871.527286051
2024-07-30,0.4477396487188272,98054038.05505134,5837431.739313891
2024-07-30,0.4473888832611114,98026983.40575744,5552975.7393913325
2024-07-30,0.44869386122937405,98417291.15706165,5584753.195125766
2024-07-30,0.44492046047536987,97486250.0038331,5632719.295710878
2024-07-30,0.44036564577906073,96498404.8574602,5288628.788237397
2024-07-30,0.43859652832067275,96128356.83783244,4833222.860001481
2024-07-30,0.43310883709587233,94879649.62181918,5198772.706733302
2024-07-30,0.4330790142429757,94863139.75350918,5388328.095440212
2024-07-30,0.43488358023969736,95275708.64119066,5380465.085736867
2024-07-30,0.43642063972905465,95678405.67078494,5380258.4586206805
2024-07-30,0.43609735938951716,95534334.82752709,5430292.3493178105
2024-07-31,0.4343645380505247,95118660.95799083,5314108.234199279
2024-07-31,0.43675925409405314,95734741.25997794,5308998.268499067
2024-07-31,0.4332909984520096,94871947.04257236,5157577.325001941
2024-07-31,0.43182608948066054,94807238.99840546,4541960.5901581505
2024-07-31,0.4302065800185874,94207101.90836537,4648355.275644759
2024-07-31,0.42841969602720736,94027666.26219685,4288203.238875577
2024-07-31,0.43740719809048545,95972023.89926767,4170144.821555631
2024-07-31,0.4399295128117633,96212740.14444748,4139253.005475479
2024-07-31,0.4347983546408756,95806977.25479831,4071092.7234078515
2024-07-31,0.430839491921368,94390430.99583465,4074206.558078261
2024-07-31,0.4309673260235987,94410516.22440115,4075921.699991574
2024-07-31,0.4300728246773368,94220168.2479726,3952973.20296958
2024-07-31,0.4333173358436658,94592846.79688498,3447100.928111355
2024-07-31,0.4351846954354372,95384982.63212812,3900133.301603315
2024-07-31,0.4390661606334611,96458220.73159213,3961345.2578635896
2024-07-31,0.4356426847669776,95575124.85392435,3728837.413059007
2024-07-31,0.43545785790388075,95434383.69768709,3260765.5596371656
2024-07-31,0.43503573355027586,95282829.26490386,3226648.3694616356
2024-07-31,0.43971767902049186,96412217.417947,3806709.3061119206
2024-07-31,0.44420581300135625,97109418.9751417,3685763.6503697387
2024-07-31,0.4359051343810904,95379964.58744624,3557900.1448433287
2024-07-31,0.4280729756260805,93776460.92910706,3688963.650941295
2024-07-31,0.4312752121732572,94407432.52359824,3682337.125786995
2024-07-31,0.42915622389834807,94109593.70574573,3342524.0947323074
2024-08-01,0.42835134187304236,93826012.41960633,3594236.7433490013
2024-08-01,0.42747863221465476,93645544.58027315,3273431.0337031772
2024-08-01,0.4262239852312591,93371409.02115919,3556560.8210679456
2024-08-01,0.4250874260934861,93120784.65405302,3542347.943697111
2024-08-01,0.42356123618140196,92766548.7992831,3319468.283450788
2024-08-01,0.41455062305578105,90829641.62337112,3628227.9619439254
2024-08-01,0.4216138678830884,92404573.71211492,3682029.114078144
2024-08-01,0.4201547183531665,92058926.0434377,2978920.819897102
2024-08-01,0.42031087817226265,92081087.46711268,3402236.626756738
2024-08-01,0.42380142262082315,92840706.63880582,3650808.2379326313
2024-08-01,0.42040043588947873,92054876.70585085,3209114.5620139786
2024-08-01,0.4210455864493453,92236995.1742275,3446276.493244237
2024-08-01,0.424121326599473,92819454.84076977,3432749.0762303323
2024-08-01,0.42787196937594035,93732427.18758155,3337010.825959461
2024-08-01,0.42633082243199877,93362828.52077787,3514029.3809655737
2024-08-01,0.41017262737443616,89757254.85531834,3614127.4040879826
2024-08-01,0.40631852159648724,88898245.93763325,3764155.4028665475
2024-08-01,0.40229523345544455,88283016.57261313,4223937.578708531
2024-08-01,0.40044083799460206,88638088.25403093,4252732.885532967
2024-08-01,0.39809426606616843,87271060.45622511,4404175.066081039
2024-08-01,0.4014200233080397,87992636.0715077,4205520.992550534
2024-08-01,0.4086889761304661,89456661.60241786,4231461.077048159
2024-08-01,0.41345891872658197,90486699.515343,4414172.569229322
2024-08-01,0.4172266991333266,91371559.20750374,4486795.527757973
2024-08-02,0.4183387604825684,91644020.20507863,4541830.9375792965
2024-08-02,0.4152562469926037,91057944.91530862,4641000.538714987
2024-08-02,0.4123436548329798,90463429.01115608,4653180.215068306
2024-08-02,0.41772295477891064,91045687.9959916,5404404.288571203
2024-08-02,0.41866784093527315,92167469.31873506,6055553.961370539
2024-08-02,0.41693313069024385,91322215.26677097,6031879.429837288
2024-08-02,0.4124537882649784,90246870.97461818,5501447.979504948
2024-08-02,0.40888797615881983,89585143.2527327,6006144.798506569
2024-08-02,0.4119896380999802,90269200.10287882,4794409.171087956
2024-08-02,0.4129684672004198,90467568.69604631,5976854.339451651
2024-08-02,0.41379449243436806,90623099.2913071,5928960.68021738
2024-08-02,0.41427592406184993,90644840.36966577,5974231.641323109
2024-08-02,0.4136967375927971,90611925.34935418,5920914.758187393
2024-08-02,0.41416164223307655,90753088.38706657,5900730.407068649
2024-08-02,0.41847501613442706,91674723.45674238,6093663.265422858
2024-08-02,0.39564022631362955,87222961.5893436,5271496.563112082
2024-08-02,0.39749396282663013,87086264.15847446,5579368.48212344
2024-08-02,0.40050715975637746,87847969.63842718,5562751.98917391
2024-08-02,0.39799211186371697,87183634.06094994,5446874.045209131
2024-08-02,0.39482928389625277,86481371.05341706,5301100.318601168
2024-08-02,0.39515203741915905,86062874.65049657,5360143.224409512
2024-08-02,0.3918231272932586,86051930.52456547,5077195.242192721
